Document,Date of document
EU_32000L0008,2000-03-20
EU_32000L0055,2000-09-18
EU_32000R2494,2000-11-07
EU_32001L0014,2001-02-26
EU_32001L0012,2001-02-26
EU_32001L0077,2001-09-27
EU_32002R1774,2002-10-03
EU_32002L0083,2002-11-05
EU_32002L0091,2002-12-16
EU_32003L0054,2003-06-26
EU_32003L0030,2003-05-08
EU_32003L0017,2003-03-03
EU_32004L0008,2004-02-11
EU_32004L0003,2004-02-11
EU_32004L0022,2004-03-31
EU_32005L0032,2005-07-06
EU_32005L0055,2005-09-28
EU_32005L0036,2005-09-07
EU_32006L0007,2006-02-15
EU_32006R1899,2006-12-12
EU_32006L0032,2006-04-05
EU_32007L0023,2007-05-23
EU_32007L0059,2007-10-23
EU_32007R0680,2007-06-20
EU_32008L0106,2008-11-19
EU_32008R0689,2008-06-17
EU_32008R0451,2008-04-23
EU_32009L0023,2009-04-23
EU_32009L0126,2009-10-21
EU_32009L0043,2009-05-06
EU_32010R0995,2010-10-20
EU_32010R1235,2010-12-15
EU_32010R1233,2010-12-15
EU_32011R1233,2011-11-16
EU_32011R1255,2011-11-30
EU_32011R1169,2011-10-25
EU_32012L0034,2012-11-21
EU_32012L0027,2012-10-25
EU_32012L0019,2012-07-04
EU_32013L0035,2013-06-26
EU_32013R1301,2013-12-17
EU_32013L0030,2013-06-12
EU_32014R0596,2014-04-16
EU_32014R0513,2014-04-16
EU_32014L0053,2014-04-16
EU_32015L1513,2015-09-09
EU_32015L0719,2015-04-29
EU_32015R0760,2015-04-29
EU_32016R1952,2016-10-26
EU_32016R2031,2016-10-26
EU_32016L1148,2016-07-06
EU_32017R1951,2017-10-25
EU_32017R1601,2017-09-26
EU_32017R1938,2017-10-25
EU_32018R1046,2018-07-18
EU_32018R0643,2018-04-18
EU_32018L0645,2018-04-18
EU_32019R0941,2019-06-05
EU_32019R1020,2019-06-20
EU_32019R0942,2019-06-05
EU_32020R0697,2020-05-25
EU_32020R2222,2020-12-23
EU_32020R0852,2020-06-18
EU_32021R1873,2021-10-20
EU_32021R0522,2021-03-24
EU_32021R0819,2021-05-20
EU_32022R0869,2022-05-30
EU_32022L2041,2022-10-19
EU_32022R2343,2022-11-23
EU_32023R1230,2023-06-14
EU_32023R0956,2023-05-10
EU_32023R2674,2023-11-22
EU_32024R1787,2024-06-13
EU_32024L0825,2024-02-28
EU_32024R0903,2024-03-13
